,Suction press,Discharge press,Voltage,Current,Flow Rate,KWH Diff,HMR_Hours,Pressure_Difference,Pressure_Ratio,Electrical_Load,Flow_Utilization,Specific_Energy,Energy_per_Hour,Load_Index
Suction press,1.0,0.5400805832229891,-0.2536732323931547,-0.14697651803618975,0.3153643996739089,-0.33648079294615446,-0.32722685017151854,-0.694520681281017,-0.7109172066358947,-0.15267597501184937,0.3153643996739089,-0.3206231273215548,0.018355351351116822,-0.556365003512035
Discharge press,0.5400805832229891,1.0,-0.21260026950207772,-0.12724131655234033,0.30434014608330495,-0.18202644587122369,-0.1679489821043223,0.23042069939047863,-0.15365273969314103,-0.13207299091783037,0.3043401460833048,-0.20701099137590073,0.015324191225627887,0.016819901991208745
Voltage,-0.2536732323931547,-0.21260026950207772,1.0,0.6158961022431472,-0.21857267515696577,0.2859855298634461,0.28645091071481477,0.11155606365949192,0.19700696374938895,0.637513309915835,-0.21857267515696566,0.2614014842476565,0.004981505518174907,0.08571716265829883
Current,-0.14697651803618975,-0.12724131655234033,0.6158961022431472,1.0,-0.11743115241276907,0.291289045672476,0.2610521832844046,0.061162155232516204,0.06417377638561977,0.9996120080385206,-0.11743115241276873,0.2456906304077567,0.09928255650673594,-0.002029577217357338
Flow Rate,0.3153643996739089,0.30434014608330495,-0.21857267515696577,-0.11743115241276907,1.0,-0.4927389441384282,-0.4889755994396244,-0.10445872565813409,-0.23684016775920566,-0.12244443009838459,0.9999999999999992,-0.6200595858347249,0.02411479008084276,0.2565182888222505
KWH Diff,-0.33648079294615446,-0.18202644587122369,0.2859855298634461,0.291289045672476,-0.4927389441384282,1.0,0.96516152611288,0.23343666148775113,0.26983092336188597,0.2948442824408383,-0.49273894413842845,0.9556376273915635,0.08704077699517251,0.013422493027310425
HMR_Hours,-0.32722685017151854,-0.1679489821043223,0.28645091071481477,0.2610521832844046,-0.4889755994396244,0.96516152611288,1.0,0.23477150493564394,0.2653556404494165,0.26530445643848743,-0.4889755994396246,0.9307424563393115,-0.14804362431029763,0.010921214890567296
Pressure_Difference,-0.694520681281017,0.23042069939047863,0.11155606365949192,0.061162155232516204,-0.10445872565813409,0.23343666148775113,0.23477150493564394,1.0,0.6906238846411952,0.06362151854824194,-0.10445872565813391,0.1937430725259781,-0.00812260360745522,0.6576598672829949
Pressure_Ratio,-0.7109172066358947,-0.15365273969314103,0.19700696374938895,0.06417377638561977,-0.23684016775920566,0.26983092336188597,0.2653556404494165,0.6906238846411952,1.0,0.0695206463805773,-0.2368401677592054,0.2700388346219165,-0.03132360192729576,0.862735930038916
Electrical_Load,-0.15267597501184937,-0.13207299091783037,0.637513309915835,0.9996120080385206,-0.12244443009838459,0.2948442824408383,0.26530445643848743,0.06362151854824194,0.0695206463805773,1.0,-0.12244443009838424,0.24934291771836942,0.09731181411258677,0.0009378871993544366
Flow_Utilization,0.3153643996739089,0.3043401460833048,-0.21857267515696566,-0.11743115241276873,0.9999999999999992,-0.49273894413842845,-0.4889755994396246,-0.10445872565813391,-0.2368401677592054,-0.12244443009838424,1.0,-0.6200595858347246,0.024114790080842687,0.25651828882225053
Specific_Energy,-0.3206231273215548,-0.20701099137590073,0.2614014842476565,0.2456906304077567,-0.6200595858347249,0.9556376273915635,0.9307424563393115,0.1937430725259781,0.2700388346219165,0.24934291771836942,-0.6200595858347246,1.0,0.025680509782230198,-0.0581345602857482
Energy_per_Hour,0.018355351351116822,0.015324191225627887,0.004981505518174907,0.09928255650673594,0.02411479008084276,0.08704077699517251,-0.14804362431029763,-0.00812260360745522,-0.03132360192729576,0.09731181411258677,0.024114790080842687,0.025680509782230198,1.0,-0.011491817430149747
Load_Index,-0.556365003512035,0.016819901991208745,0.08571716265829883,-0.002029577217357338,0.2565182888222505,0.013422493027310425,0.010921214890567296,0.6576598672829949,0.862735930038916,0.0009378871993544366,0.25651828882225053,-0.0581345602857482,-0.011491817430149747,1.0
